City_ID,City,Lat,Lng,Max Temp,Humidity,Cloudiness,Wind Speed,Country,Date
0,hermanus,-34.4187,19.2345,13.35,64,76,3.84,ZA,1682032888
1,debark',13.1561,37.8981,13.9,18,7,1.77,ET,1682032888
2,ust-nera,64.5667,143.2,-6.11,94,100,3.43,RU,1682032888
3,grytviken,-54.2811,-36.5092,1.84,82,100,4.11,GS,1682032889
4,thaba-tseka,-29.522,28.6084,8.78,49,79,2.4,LS,1682032817
5,port-aux-francais,-49.35,70.2167,4.36,96,100,8.74,TF,1682032889
6,tura,25.5198,90.2201,22.33,91,63,3.62,IN,1682032889
7,yellowknife,62.456,-114.3525,6.29,36,20,4.12,CA,1682032889
8,tiksi,71.6872,128.8694,-19.27,100,100,2.26,RU,1682032889
9,edinburgh of the seven seas,-37.0676,-12.3116,19.73,97,100,11.22,SH,1682032889
10,hithadhoo,-0.6,73.0833,28.07,75,100,3.41,MV,1682032889
11,ushuaia,-54.8,-68.3,4.81,87,75,5.14,AR,1682032889
12,mata-utu,-13.2816,-176.1745,28.36,76,40,5.15,WF,1682032889
13,albany,42.6001,-73.9662,16.55,37,76,1.25,US,1682032837
14,isafjordur,66.0755,-23.124,5.83,97,95,1.89,IS,1682032814
15,adamstown,-25.066,-130.1015,24.37,76,100,2.88,PN,1682032889
16,bilibino,68.0546,166.4372,-1.8,70,43,0.92,RU,1682032889
17,bothaville,-27.3887,26.617,15.06,46,58,1.42,ZA,1682032890
18,kodiak,57.79,-152.4072,8.73,66,0,5.66,US,1682032890
19,gorontalo,0.5412,123.0595,25.56,92,62,0.82,ID,1682032890
20,thompson,55.7435,-97.8558,4.09,45,40,6.17,CA,1682032890
21,deqen,29.9618,90.7188,3.23,55,45,1.84,CN,1682032890
22,le port,-20.9373,55.2919,26.0,96,49,4.3,RE,1682032890
23,punta arenas,-53.15,-70.9167,10.06,87,100,5.14,CL,1682032890
24,bethel,41.3712,-73.414,18.47,45,48,0.89,US,1682032823
25,port mathurin,-19.6833,63.4167,26.06,75,2,8.61,MU,1682032890
26,nemuro,43.3236,145.575,7.12,56,64,8.14,JP,1682032890
27,nantong,32.0303,120.8747,16.66,86,80,6.57,CN,1682032890
28,portland,45.5234,-122.6762,8.67,91,100,4.63,US,1682032306
29,pundong,-7.9522,110.3486,24.54,92,97,1.62,ID,1682032891
30,west island,-12.1568,96.8225,26.99,78,100,7.72,CC,1682032891
31,lihue,21.9789,-159.3672,26.58,70,0,3.6,US,1682032758
32,iquique,-20.2208,-70.1431,23.02,78,17,1.87,CL,1682032862
33,saipan,15.1355,145.701,28.39,100,40,6.26,MP,1682032891
34,ust'-ilimsk,58.0006,102.6619,-7.27,95,94,2.36,RU,1682032891
35,codrington,-38.2667,141.9667,15.18,89,100,2.62,AU,1682032891
36,egersund,58.4513,5.9997,6.72,71,15,1.52,NO,1682032891
37,vadso,70.0744,29.7487,3.49,81,75,3.09,NO,1682032891
38,puerto natales,-51.7236,-72.4875,8.52,89,95,1.26,CL,1682032891
39,bonthe,7.5264,-12.505,27.26,82,100,2.47,SL,1682032891
40,smidovich,48.6,133.8167,4.2,53,73,8.3,RU,1682032891
41,waitangi,-43.9535,-176.5597,18.23,92,97,4.02,NZ,1682032892
42,sitka,57.0531,-135.33,12.94,38,20,1.54,US,1682032892
43,dudinka,69.4058,86.1778,-11.32,94,96,5.15,RU,1682032892
44,tselinnoye,53.0833,85.6667,-11.22,94,79,2.81,RU,1682032892
45,san agustin de valle fertil,-30.6335,-67.4682,18.79,45,73,3.21,AR,1682032892
46,ribeira grande,38.5167,-28.7,12.1,80,43,2.24,PT,1682032892
47,hotan,37.0997,79.9269,7.1,77,94,1.12,CN,1682032892
48,lebu,-37.6167,-73.65,13.49,93,76,1.5,CL,1682032892
49,weno,7.4515,151.8468,28.97,84,75,0.0,FM,1682032892
50,nadi,-17.8,177.4167,31.0,62,20,2.57,FJ,1682032892
51,vilyuchinsk,52.9306,158.4028,2.15,93,92,2.77,RU,1682032892
52,waingapu,-9.6567,120.2641,23.97,79,28,3.88,ID,1682032892
53,ad-damazin,11.7891,34.3592,30.07,14,2,2.97,SD,1682032893
54,blackmans bay,-43.0167,147.3167,18.07,67,100,3.0,AU,1682032893
55,carnarvon,-24.8667,113.6333,22.13,42,46,5.25,AU,1682032893
56,timbuktu,16.7735,-3.0074,31.92,14,53,3.69,ML,1682032893
57,anadyr,64.75,177.4833,-8.72,92,0,4.0,RU,1682032893
58,whakatane,-37.9585,176.9854,20.43,90,93,5.2,NZ,1682032893
59,nova vicosa,-17.8919,-39.3719,25.43,90,70,7.0,BR,1682032893
60,whitehorse,60.7161,-135.0538,5.43,58,100,1.54,CA,1682032631
61,longyearbyen,78.2186,15.6401,-14.09,66,40,7.2,SJ,1682032893
62,kencong,-8.2833,113.3667,24.28,90,100,1.23,ID,1682032893
63,new norfolk,-42.7826,147.0587,18.73,71,100,0.89,AU,1682032893
64,balabac,7.9868,117.0645,27.55,78,94,0.67,PH,1682032894
65,olyokminsk,60.3736,120.4264,-4.01,75,99,3.63,RU,1682032894
66,tazovsky,67.4667,78.7,-9.89,96,100,3.85,RU,1682032894
67,olonkinbyen,70.9221,-8.7187,-1.62,95,100,10.78,SJ,1682032894
68,jiexiu,37.0244,111.9125,8.1,62,100,5.53,CN,1682032894
69,hadibu,12.65,54.0333,27.32,73,10,2.73,YE,1682032894
70,huatusco,19.15,-96.95,25.96,59,62,0.6,MX,1682032894
71,port alfred,-33.5906,26.891,15.1,66,79,3.13,ZA,1682032888
72,marang,5.2056,103.2059,26.95,87,92,1.39,MY,1682032894
73,meulaboh,4.1363,96.1285,24.3,88,100,1.71,ID,1682032894
74,utrik,11.2278,169.8474,26.27,78,100,7.21,MH,1682032895
75,kerikeri,-35.2268,173.9474,21.62,88,99,4.47,NZ,1682032895
76,celestun,20.8667,-90.4,28.24,72,5,7.76,MX,1682032895
77,kanker,20.2719,81.4931,24.73,48,82,1.92,IN,1682032895
78,fale old settlement,-9.3852,-171.2468,27.98,76,85,3.64,TK,1682032895
79,union,40.6334,-74.2663,19.82,53,0,3.6,US,1682032756
80,santa elena de uairen,4.6167,-61.1333,23.07,78,89,1.4,VE,1682032895
81,ciudad insurgentes,25.2625,-111.7753,28.93,25,66,7.33,MX,1682032895
82,kingston,17.997,-76.7936,27.53,81,75,6.17,JM,1682032895
83,haapsalu,58.9431,23.5414,5.51,69,46,3.33,EE,1682032895
84,saint-francois,46.4154,3.9054,4.82,87,0,1.54,FR,1682032895
85,st. john's,47.5649,-52.7093,2.04,96,100,10.29,CA,1682032780
86,tromso,69.6496,18.957,5.01,87,75,3.6,NO,1682032896
87,papatowai,-46.5619,169.4708,14.38,75,100,1.41,NZ,1682032896
88,ta`u,-14.2336,-169.5144,28.03,79,100,10.39,AS,1682032896
89,horta,38.5333,-28.6333,11.68,80,48,2.24,PT,1682032896
90,hasaki,35.7333,140.8333,22.22,81,100,5.87,JP,1682032896
91,margaret river,-33.95,115.0667,13.53,58,23,1.92,AU,1682032896
92,majalengka,-6.8361,108.2278,23.46,94,96,1.47,ID,1682032896
93,avarua,-21.2078,-159.775,26.03,73,20,3.09,CK,1682032896
94,college,64.8569,-147.8028,6.18,51,20,1.54,US,1682032785
95,manturovo,58.3353,44.7619,4.94,63,81,1.2,RU,1682032896
96,hamilton,39.1834,-84.5333,28.35,28,0,6.69,US,1682032671
97,guerrero negro,27.9769,-114.0611,20.86,49,0,6.22,MX,1682032896
98,inarajan village,13.2736,144.7484,28.08,78,85,7.93,GU,1682032897
99,iqaluit,63.7506,-68.5145,-3.5,86,100,2.24,CA,1682032897
100,invercargill,-46.4,168.35,11.68,82,100,0.89,NZ,1682032897
101,fort st. john,56.2499,-120.8529,4.94,60,100,4.12,CA,1682032897
102,kabalo,-6.05,26.9167,20.73,97,49,1.75,CD,1682032897
103,mahanoro,-19.9,48.8,22.67,93,46,1.53,MG,1682032897
104,longboat key,27.4125,-82.659,29.44,42,0,4.63,US,1682032819
105,noumea,-22.2763,166.4572,28.99,99,14,2.58,NC,1682032897
106,georgetown,5.4112,100.3354,26.96,93,20,1.54,MY,1682032751
107,harstad,68.799,16.5293,4.66,100,100,6.71,NO,1682032897
108,patiya,22.2931,91.9762,24.86,88,23,3.8,BD,1682032897
109,san antonio de pale,-1.4014,5.6325,27.81,79,100,6.28,GQ,1682032693
110,keflavik,64.0049,-22.5624,7.95,93,100,2.06,IS,1682032897
111,jinka,5.65,36.65,18.08,87,91,0.85,ET,1682032897
112,fort wellington,6.4,-57.6,25.94,86,97,4.3,GY,1682032898
113,margate,51.3813,1.3862,9.27,80,37,2.68,GB,1682032898
114,bamboo flat,11.7,92.7167,27.51,72,29,2.74,IN,1682032898
115,berezovyy,51.6667,135.7,-1.35,93,100,3.83,RU,1682032898
116,buka,40.8108,69.1986,11.15,54,53,1.37,UZ,1682032898
117,severo-yeniseyskiy,60.3725,93.0408,-18.71,100,86,1.7,RU,1682032898
118,puerto ayora,-0.7393,-90.3518,28.08,88,82,2.68,EC,1682032898
119,kupang,-10.1667,123.5833,25.32,69,20,3.09,ID,1682032898
120,kayangel,8.0823,134.7173,28.38,76,99,4.75,PW,1682032899
121,comodoro rivadavia,-45.8667,-67.5,20.92,21,0,4.12,AR,1682032899
122,calvinia,-31.4707,19.776,6.8,81,61,0.84,ZA,1682032899
123,kalmunai,7.4167,81.8167,25.83,85,34,3.33,LK,1682032899
124,novaya igirma,57.1334,103.9112,-5.86,92,100,2.24,RU,1682032899
125,mount sterling,38.0565,-83.9433,27.03,26,0,4.12,US,1682032899
126,fisterra,42.9049,-9.2629,10.57,78,97,4.25,ES,1682032899
127,touros,-5.1989,-35.4608,26.19,77,90,4.48,BR,1682032899
128,wailua homesteads,22.0669,-159.378,26.24,75,0,3.6,US,1682032900
129,bredasdorp,-34.5322,20.0403,12.11,69,79,2.47,ZA,1682032900
130,chonchi,-42.6128,-73.8092,10.62,95,100,0.28,CL,1682032900
131,peruibe,-24.32,-46.9983,16.95,74,0,1.34,BR,1682032900
132,polyarnyy,69.1989,33.4478,2.59,88,99,9.48,RU,1682032900
133,champion heights,41.29,-80.8459,27.24,22,75,4.63,US,1682032900
134,dengi,9.3667,9.95,29.54,53,66,4.67,NG,1682032900
135,walvis bay,-22.9575,14.5053,15.61,87,0,5.75,NA,1682032900
136,ilulissat,69.2167,-51.1,-1.99,59,69,2.06,GL,1682032900
137,freetown,8.484,-13.2299,26.86,83,85,1.63,SL,1682032900
138,arraial do cabo,-22.9661,-42.0278,22.98,64,40,5.66,BR,1682032900
139,pacific grove,36.6177,-121.9166,20.5,61,0,3.13,US,1682032900
140,labrador city,52.9463,-66.9114,0.95,75,75,3.09,CA,1682032900
141,high rock,26.6208,-78.2833,24.01,73,6,7.17,BS,1682032901
142,kyzylorda,44.8528,65.5092,7.01,45,0,6.0,KZ,1682032901
143,jamestown,42.097,-79.2353,23.8,33,0,5.14,US,1682032901
144,gremyachinsk,58.5603,57.851,-0.35,78,90,1.22,RU,1682032901
145,carroll,39.5501,-77.0164,26.62,54,17,1.79,US,1682032901
146,buala,-8.145,159.5921,28.94,70,58,0.98,SB,1682032901
147,hornell,42.3279,-77.6611,22.86,47,79,2.24,US,1682032798
148,tralee,52.2704,-9.7026,5.39,88,1,3.28,IE,1682032901
149,bardai,11.65,7.2333,30.38,15,9,2.87,NG,1682032901
150,al hazm,16.1641,44.7769,25.49,45,7,0.76,YE,1682032901
151,tobati,-25.25,-57.0667,15.9,56,0,1.71,PY,1682032901
152,ajdabiya,30.7554,20.2263,22.08,25,100,7.76,LY,1682032901
153,luderitz,-26.6481,15.1594,14.54,70,74,7.88,NA,1682032901
154,afaahiti,-17.75,-149.2833,29.93,81,100,10.64,PF,1682032901
155,saint-pierre,-21.3393,55.4781,25.82,69,75,2.06,RE,1682032901
156,udachny,66.4167,112.4,-13.19,99,98,1.53,RU,1682032901
157,stanley,54.868,-1.6985,6.55,89,0,4.12,GB,1682032902
158,shingu,33.7333,135.9833,19.21,68,100,1.52,JP,1682032902
159,vega de alatorre,20.0333,-96.6333,27.98,80,34,3.77,MX,1682032902
160,cabo san lucas,22.8909,-109.9124,28.17,50,75,2.06,MX,1682032628
161,palikir - national government center,6.9248,158.1611,27.47,83,100,5.14,FM,1682032902
162,loukhi,66.0764,33.0381,2.43,97,98,3.67,RU,1682032902
163,birao,10.2849,22.7882,28.09,11,35,2.22,CF,1682032902
164,sao joao da barra,-21.6403,-41.0511,24.05,65,90,8.35,BR,1682032902
165,recani,31.2846,-4.2688,18.7,52,98,11.23,MA,1682032902
166,vorgashor,67.5833,63.95,-2.58,97,99,3.33,RU,1682032902
167,misratah,32.3754,15.0925,23.42,45,100,7.77,LY,1682032902
168,bodo,67.28,14.405,6.02,99,100,7.72,NO,1682032902
169,susuman,62.7833,148.1667,-6.75,83,100,2.43,RU,1682032902
170,badger,64.8,-147.5333,6.14,49,20,1.54,US,1682032902
171,bubaque,11.2833,-15.8333,25.38,73,98,10.17,GW,1682032902
172,mirny,62.5353,113.9611,-8.2,57,100,1.79,RU,1682032902
173,laojunmiao,39.8333,97.7333,0.93,35,100,3.84,CN,1682032903
174,itoman,26.1247,127.6694,24.01,90,75,5.66,JP,1682032903
175,san julian,21.0167,-102.1667,30.02,11,60,6.76,MX,1682032903
176,yarumal,6.9632,-75.4174,13.42,99,100,0.66,CO,1682032903
177,hawaiian paradise park,19.5933,-154.9731,28.18,79,0,4.12,US,1682032903
178,haiku-pauwela,20.9219,-156.3051,25.65,77,75,5.66,US,1682032903
179,qandala,11.472,49.8728,28.02,66,8,0.64,SO,1682032903
180,port elizabeth,-33.918,25.5701,15.16,71,0,10.8,ZA,1682032903
181,sao jose da coroa grande,-8.8978,-35.1478,26.44,76,7,4.31,BR,1682032903
182,porto murtinho,-21.6989,-57.8825,18.09,73,0,2.24,BR,1682032903
183,kailua-kona,19.6406,-155.9956,29.04,78,40,4.12,US,1682032903
184,kangding,30.0513,101.9603,10.54,96,95,0.95,CN,1682032903
185,bel ombre,-4.6167,55.4167,26.91,83,20,0.51,SC,1682032903
186,diapaga,12.0708,1.7889,34.47,12,81,0.87,BF,1682032903
187,tadine,-21.55,167.8833,26.64,72,15,1.26,NC,1682032903
188,kirensk,57.7853,108.1119,-6.57,89,99,1.66,RU,1682032904
189,atafu village,-8.5421,-172.5159,28.59,72,62,2.72,TK,1682032904
190,taoudenni,22.6783,-3.9836,28.21,14,42,4.6,ML,1682032904
191,nurota,40.5614,65.6886,10.15,34,31,3.0,UZ,1682032904
192,mossendjo,-2.9506,12.7261,21.27,100,100,0.52,CG,1682032904
193,maitum,6.0392,124.4986,27.75,80,95,0.5,PH,1682032904
194,dakhla,23.6848,-15.958,18.74,80,13,5.58,EH,1682032904
195,puerto el triunfo,13.2833,-88.55,30.48,70,100,4.95,SV,1682032904
196,caleta de carquin,-11.0925,-77.6267,24.48,78,80,5.03,PE,1682032904
197,kerema,-7.9631,145.7785,27.79,73,90,0.09,PG,1682032904
198,bodden town,19.2833,-81.25,29.0,75,20,2.57,KY,1682032904
199,taulaga,-11.0553,-171.0883,28.63,73,62,6.39,AS,1682032904
200,kirakira,-10.4544,161.9205,29.18,69,94,1.6,SB,1682032904
201,pingshan,22.9938,114.7131,24.22,90,53,1.74,CN,1682032905
202,howard springs,-12.497,131.047,24.99,88,41,4.79,AU,1682032905
203,tabou,4.423,-7.3528,26.4,84,94,2.92,CI,1682032905
204,namibe,-15.1961,12.1522,24.47,80,93,1.77,AO,1682032905
205,cidreira,-30.1811,-50.2056,16.76,74,0,3.23,BR,1682032905
206,pyrgos,37.6751,21.441,15.0,83,77,1.91,GR,1682032905
207,talnakh,69.4865,88.3972,-11.55,95,93,3.55,RU,1682032905
208,ciudad constitucion,25.0369,-111.6644,30.57,21,78,7.28,MX,1682032905
209,bireun,5.203,96.7009,25.89,79,100,1.66,ID,1682032905
210,ulaangom,49.9811,92.0667,-5.31,46,15,2.29,MN,1682032905
211,sao vicente,-23.9631,-46.3919,22.21,26,13,2.88,BR,1682032737
212,gadzhiyevo,69.2551,33.3362,2.44,88,96,9.53,RU,1682032905
213,sandnessjoen,66.0217,12.6316,5.92,95,100,0.89,NO,1682032905
214,markovo,57.3206,107.0881,-6.5,90,100,1.97,RU,1682032905
215,masterton,-40.9597,175.6575,18.82,79,100,0.89,NZ,1682032906
216,altai,46.3722,96.2583,-6.71,36,64,1.58,MN,1682032906
217,peterhead,57.5058,-1.7981,5.22,83,0,3.41,GB,1682032906
218,black river,18.0264,-77.8487,26.75,77,13,3.08,JM,1682032906
219,lachen,47.1915,8.8562,5.68,89,100,0.89,CH,1682032906
220,ulladulla,-35.35,150.4667,16.92,64,6,1.49,AU,1682032906
221,guangyuan,32.442,105.823,13.86,92,100,3.32,CN,1682032906
222,roccella ionica,38.322,16.4009,13.55,81,86,1.26,IT,1682032906
223,el banco,9.0011,-73.9758,28.52,73,98,2.35,CO,1682032906
224,amos,48.5669,-78.1162,3.35,66,75,2.17,CA,1682032906
225,zelenogorskiy,55.0333,87.0,-3.32,89,100,2.89,RU,1682032906
226,las khorey,11.1595,48.1967,28.13,69,1,3.65,SO,1682032906
227,jining,35.405,116.5814,14.9,27,99,4.49,CN,1682032906
228,ishim,56.1128,69.4902,1.21,66,42,3.73,RU,1682032906
229,napili-honokowai,20.9708,-156.6705,26.28,94,7,3.44,US,1682032906
230,colonia,50.9333,6.95,8.31,88,75,0.51,DE,1682032907
231,kourou,5.1552,-52.6478,25.03,92,93,3.33,GF,1682032907
232,alesund,62.4723,6.1549,8.75,93,100,4.12,NO,1682032856
233,callao,-12.0667,-77.15,26.51,69,0,7.2,PE,1682032907
234,okeho,8.0333,3.35,25.18,81,14,3.8,NG,1682032907
235,dzerzhinskoye,56.8344,95.2283,-9.92,95,63,1.26,RU,1682032907
236,castillos,-34.1667,-53.8333,12.47,80,1,2.33,UY,1682032907
237,pathein,16.7833,94.7333,25.41,84,1,2.87,MM,1682032907
238,chibougamau,49.9168,-74.3659,-3.21,74,100,2.06,CA,1682032640
239,aykhal,66.0,111.5,-12.06,97,86,1.16,RU,1682032907
240,ha'il,27.5219,41.6907,20.01,64,40,1.03,SA,1682032907
241,higuera de zaragoza,25.95,-109.2833,26.96,41,100,5.62,MX,1682032907
242,salekhard,66.53,66.6019,-10.69,98,87,1.73,RU,1682032907
243,alto barinas,8.5931,-70.2261,32.04,48,90,1.35,VE,1682032907
244,tuzhai,24.983,118.8319,19.57,90,89,4.73,CN,1682032907
245,malabar,-33.9667,151.25,19.8,72,20,5.14,AU,1682032908
246,kailaras,26.3167,77.6167,26.87,34,99,1.65,IN,1682032908
247,nova sintra,14.8667,-24.7167,19.91,78,95,11.12,CV,1682032908
248,undurkhaan,47.3194,110.6556,-2.55,21,97,5.01,MN,1682032908
249,sorong,-0.8833,131.25,26.49,84,100,2.43,ID,1682032908
250,songea,-10.6833,35.65,16.41,98,16,0.73,TZ,1682032908
251,jayapura,-2.5333,140.7,27.66,73,44,1.46,ID,1682032908
252,tolanaro,-25.0319,46.9987,22.04,88,20,1.03,MG,1682032908
253,prado,-17.3411,-39.2208,25.56,92,65,5.41,BR,1682032908
254,aflou,34.1128,2.1023,11.74,45,12,3.69,DZ,1682032908
255,punta del este,-34.9667,-54.95,16.04,78,0,1.54,UY,1682032909
256,paraiso,9.8383,-83.8656,24.48,82,40,1.42,CR,1682032909
257,kidal,18.4411,1.4078,31.09,14,1,4.3,ML,1682032909
258,constantia,44.1833,28.65,9.38,83,100,6.86,RO,1682032801
259,huarmey,-10.0681,-78.1522,25.29,78,77,3.81,PE,1682032909
260,melekeok village,7.4957,134.6367,28.31,83,75,1.54,PW,1682032909
261,kavaratti,10.5669,72.642,28.48,73,100,3.55,IN,1682032909
262,qaqortoq,60.7167,-46.0333,-0.03,91,92,0.18,GL,1682032909
263,prieska,-29.6641,22.7474,9.16,60,44,2.04,ZA,1682032909
264,praia da vitoria,38.7333,-27.0667,13.14,76,20,7.52,PT,1682032909
265,bafoulabe,13.8065,-10.8321,35.67,14,30,2.88,ML,1682032909
266,klyuchi,52.2667,79.1667,-4.18,69,5,0.73,RU,1682032909
267,nguigmi,14.2495,13.1092,30.45,18,0,6.38,NE,1682032910
268,inhambane,-23.865,35.3833,21.55,85,0,3.11,MZ,1682032910
269,mozarlandia,-14.7447,-50.5706,23.34,86,41,2.8,BR,1682032910
270,broome,42.2506,-75.833,18.21,43,75,2.57,US,1682032910
271,hammerfest,70.6634,23.6821,2.25,93,75,5.66,NO,1682032910
272,vilyuysk,63.7553,121.6247,-8.39,91,100,3.69,RU,1682032910
273,stjordalshalsen,63.4681,10.9262,6.62,81,0,3.09,NO,1682032910
274,woodbridge,40.5576,-74.2846,19.85,54,0,3.6,US,1682032910
275,alice springs,-23.7,133.8833,12.75,71,5,3.09,AU,1682032778
276,fort mcmurray,56.7268,-111.381,9.77,25,0,6.17,CA,1682032748
277,la passe,45.5549,-0.8967,10.13,78,22,5.59,FR,1682032910
278,fort bragg,35.139,-79.006,29.08,32,0,4.12,US,1682032910
279,chake chake,-5.2459,39.7666,25.26,88,99,2.4,TZ,1682032910
280,poronaysk,49.2167,143.1167,4.67,74,82,1.82,RU,1682032911
281,torghay,49.6339,63.4981,6.27,71,95,2.32,KZ,1682032816
282,campoverde,-8.4753,-74.8058,27.83,97,100,0.89,PE,1682032911
283,andergrove,-21.0833,149.1833,26.47,71,21,7.43,AU,1682032911
284,bandarbeyla,9.4942,50.8122,27.3,77,18,2.65,SO,1682032911
285,tindouf,27.6711,-8.1474,15.95,64,0,9.32,DZ,1682032911
286,richmond,37.5538,-77.4603,29.52,35,20,4.12,US,1682032712
287,libreville,0.3925,9.4537,25.82,88,100,2.57,GA,1682032911
288,iskateley,67.6803,53.1512,-5.12,97,97,3.59,RU,1682032911
289,montevideo,-34.8335,-56.1674,15.29,71,0,2.24,UY,1682032863
290,ngetkib,7.3645,134.5148,28.14,83,75,1.54,PW,1682032911
291,saint-denis,48.9167,2.3333,6.75,85,0,2.57,FR,1682032911
292,ikwiriri,-7.9562,38.9716,22.73,99,97,1.38,TZ,1682032911
293,seagoville,32.6396,-96.5383,25.09,78,69,4.97,US,1682032911
294,tan-tan,28.438,-11.1032,16.82,83,14,6.28,MA,1682032911
295,malpica,43.3228,-8.8105,13.09,72,92,2.27,ES,1682032911
296,sierra madre,34.1617,-118.0528,29.89,25,0,7.2,US,1682032911
297,naracoorte,-36.9579,140.7383,15.13,84,43,1.82,AU,1682032912
298,arawa,-6.2132,155.5367,28.91,72,33,1.48,PG,1682032912
299,sur,22.5667,59.5289,28.35,57,84,3.47,OM,1682032912
300,lompoc,34.6391,-120.4579,28.16,48,40,12.86,US,1682032912
301,enewetak,11.3474,162.3373,27.05,81,95,8.96,MH,1682032912
302,malvan,16.0667,73.4667,26.67,76,0,1.86,IN,1682032912
303,dryden,49.7833,-92.7503,2.16,35,100,11.83,CA,1682032912
304,teluknaga,-6.0989,106.6381,28.07,94,40,2.06,ID,1682032912
305,zeya,53.75,127.2667,0.81,47,100,4.93,RU,1682032912
306,hola,51.5377,23.1902,10.1,76,54,3.21,PL,1682032912
307,goz beida,13.95,20.55,30.46,16,4,4.14,TD,1682032913
308,valente,-11.4122,-39.4619,28.3,60,63,6.67,BR,1682032913
309,acarau,-2.8856,-40.12,25.91,85,22,3.71,BR,1682032905
310,green river,41.5286,-109.4662,4.43,37,33,5.36,US,1682032913
311,taitung city,22.7583,121.1444,25.15,83,75,1.03,TW,1682032913
312,kaa-khem,51.6833,94.7333,-7.67,61,69,2.05,RU,1682032913
313,saint-philippe,-21.3585,55.7679,25.77,84,45,5.5,RE,1682032913
314,kudahuvadhoo,2.6708,72.8944,28.01,73,41,1.9,MV,1682032913
315,ust'-talovka,50.5493,81.85,-4.87,73,1,1.68,KZ,1682032913
316,shubarshi,48.5872,57.1869,7.38,42,66,3.91,KZ,1682032913
317,akdepe,42.0551,59.3788,9.05,17,1,4.29,TM,1682032913
318,piti village,13.4626,144.6933,28.03,80,91,7.65,GU,1682032913
319,kodinsk,58.6881,99.1844,-9.19,94,100,2.01,RU,1682032913
320,nishinoomote,30.7333,131.0,19.01,92,100,10.08,JP,1682032913
321,mogadishu,2.0371,45.3438,28.56,76,62,4.34,SO,1682032692
322,san bernardo del viento,9.3533,-75.9524,27.3,78,57,5.27,CO,1682032913
323,grand falls-windsor,48.9332,-55.6649,1.39,92,100,2.68,CA,1682032913
324,mili,6.0815,171.735,27.95,77,73,3.74,MH,1682032914
325,wanaraja,-7.1749,107.9808,20.15,97,81,0.9,ID,1682032914
326,mccook,40.2019,-100.6257,14.25,24,75,6.17,US,1682032914
327,karratha,-20.7377,116.8463,23.08,40,69,6.85,AU,1682032914
328,ixtapa,20.7,-105.2,25.57,78,0,7.2,MX,1682032914
329,tarawa,1.419,172.984,30.05,74,20,2.57,KI,1682032914
330,port blair,11.6667,92.75,27.49,72,26,2.71,IN,1682032914
331,wahneta,27.9528,-81.727,28.01,52,0,5.66,US,1682032914
332,maun,-19.9833,23.4167,16.98,59,0,1.54,BW,1682032914
333,tokonou,9.65,-9.7833,24.35,76,94,4.4,GN,1682032914
334,tallkayf,36.4894,43.1192,17.39,65,75,1.51,IQ,1682032914
335,damghan,36.1683,54.348,17.77,28,3,0.92,IR,1682032915
336,okha,53.5739,142.9478,0.13,90,100,7.76,RU,1682032915
337,novodvinsk,64.4165,40.8122,1.86,99,100,1.53,RU,1682032915
338,bhamo,24.2667,97.2333,23.76,36,26,0.75,MM,1682032915
339,saurimo,-9.6608,20.3916,19.14,93,66,1.07,AO,1682032915
340,fuerte olimpo,-21.0415,-57.8738,18.68,70,0,2.41,PY,1682032915
341,debre tabor,11.85,38.0167,15.17,24,25,0.86,ET,1682032915
342,egilsstadir,65.2653,-14.3948,5.95,61,0,2.06,IS,1682032915
343,coronel dorrego,-38.7187,-61.2873,18.71,50,44,5.1,AR,1682032915
344,mitu,1.1983,-70.1733,24.1,95,100,0.66,CO,1682032915
345,qarauyl,48.9451,79.255,-4.25,52,0,2.38,KZ,1682032816
346,ponta delgada,37.7333,-25.6667,14.4,67,40,9.26,PT,1682032915
347,ormara,25.2088,64.6357,25.6,79,42,6.12,PK,1682032915
348,fortuna,40.5982,-124.1573,13.19,57,84,1.58,US,1682032915
349,calabazar de sagua,22.6447,-79.8961,21.26,94,75,2.06,CU,1682032916
350,tayshet,55.9342,98.0044,-8.24,95,64,1.84,RU,1682032916
351,koh kong,11.6175,102.9806,27.43,85,90,0.82,KH,1682032916
352,malango,-2.9627,119.9001,20.48,97,100,0.76,ID,1682032916
353,opuwo,-18.0607,13.84,19.36,71,98,1.48,NA,1682032916
354,huilong,31.8111,121.655,13.08,90,68,7.68,CN,1682032916
355,lethem,3.3803,-59.7968,29.62,61,100,3.09,GY,1682032916
356,ifanadiana,-21.3,47.6333,19.57,99,57,1.02,MG,1682032916
357,mezhdurechensk,53.6942,88.0603,-5.34,93,100,1.4,RU,1682032916
358,luena,-11.7833,19.9167,17.53,79,85,0.68,AO,1682032916
359,korla,41.7597,86.1469,9.96,38,100,1.84,CN,1682032917
360,merizo village,13.2658,144.6691,27.85,78,89,7.85,GU,1682032917
361,trail,49.0998,-117.7022,12.6,52,98,2.62,CA,1682032917
362,nizhniy kuranakh,58.8353,125.4869,-4.12,94,100,4.41,RU,1682032917
363,chulakkurgan,43.765,69.1814,5.14,49,100,2.57,KZ,1682032917
364,bojnurd,37.4747,57.329,8.97,40,0,3.09,IR,1682032917
365,diamantino,-14.4086,-56.4461,22.57,85,99,1.91,BR,1682032917
366,crane,31.3974,-102.3501,27.62,10,13,2.45,US,1682032917
367,papao,-17.75,-149.55,30.82,77,97,11.45,PF,1682032917
368,basco,20.4487,121.9702,26.74,85,95,4.29,PH,1682032917
369,antsohihy,-14.8796,47.9875,22.75,95,4,1.04,MG,1682032917
370,lagoa,39.05,-27.9833,14.03,64,8,12.48,PT,1682032917
371,kenai,60.5544,-151.2583,10.05,45,0,3.09,US,1682032874
372,nyurba,63.2842,118.3319,-8.06,93,93,2.18,RU,1682032918
373,sieradz,51.5958,18.7302,12.25,68,74,3.86,PL,1682032918
374,selfoss,63.9331,-20.9971,6.94,80,50,0.92,IS,1682032918
375,feijo,-8.1642,-70.3536,23.53,97,96,1.51,BR,1682032918
376,menomonee falls,43.1789,-88.1173,22.82,66,75,5.14,US,1682032708
377,angaur state,6.906,134.13,28.67,75,99,4.25,PW,1682032918
378,petropavlovsk-kamchatsky,53.0452,158.6483,1.33,87,75,5.0,RU,1682032918
379,nazare,-13.035,-39.0144,26.24,88,8,2.09,BR,1682032918
380,kotido,2.9806,34.1331,21.82,68,98,2.19,UG,1682032918
381,laguna,38.421,-121.4238,23.2,20,0,3.6,US,1682032918
382,biloela,-24.4167,150.5,22.72,51,1,7.14,AU,1682032918
383,jos,9.9167,8.9,26.57,44,96,3.77,NG,1682032918
384,deyang,31.1302,104.382,17.37,93,100,3.7,CN,1682032919
385,mejit,10.2753,170.8646,26.6,81,100,7.68,MH,1682032919
386,berdigestyakh,62.0989,126.6992,-5.5,94,100,3.49,RU,1682032919
387,sisimiut,66.9395,-53.6735,-2.03,76,100,2.85,GL,1682032919
388,mount pearl,47.5166,-52.7813,1.58,96,100,10.29,CA,1682032919
389,el granada,37.5027,-122.4694,23.23,58,0,9.77,US,1682032919
390,poteau,35.0537,-94.6236,21.02,82,100,0.0,US,1682032919
391,neiafu,-18.65,-173.9833,28.38,74,40,5.66,TO,1682032919
392,quellon,-43.1167,-73.6167,11.14,87,100,1.54,CL,1682032919
393,tofol,5.3248,163.0078,30.88,66,75,1.54,FM,1682032919
394,ciudad lazaro cardenas,17.9583,-102.2,28.01,65,30,6.15,MX,1682032919
395,gizo,-8.103,156.8419,28.37,69,62,1.36,SB,1682032919
396,nuriootpa,-34.4833,139.0,16.54,80,0,1.35,AU,1682032920
397,zaragoza,41.6561,-0.8773,18.78,41,0,3.6,ES,1682032920
398,mount isa,-20.7333,139.5,22.87,40,4,6.69,AU,1682032920
399,luneville,48.6,6.5,4.68,94,55,1.01,FR,1682032920
400,upington,-28.4478,21.2561,13.21,50,0,4.12,ZA,1682032920
401,moab,38.5733,-109.5498,13.67,17,46,1.34,US,1682032731
402,nadym,65.5333,72.5167,-3.38,96,99,4.18,RU,1682032920
403,brisas de zicatela,15.8369,-97.0419,30.29,66,20,3.6,MX,1682032920
404,hilo,19.7297,-155.09,28.49,75,0,4.12,US,1682032864
405,nokha,27.6,73.4167,24.62,8,0,2.83,IN,1682032920
406,les sables-d'olonne,46.6667,-1.8333,6.44,90,1,4.62,FR,1682032920
407,smirnykh,49.75,142.8333,2.9,92,100,1.48,RU,1682032920
408,plettenberg bay,-34.0527,23.3716,12.94,78,79,6.4,ZA,1682032921
409,aasiaat,68.7098,-52.8699,-10.05,90,87,1.93,GL,1682032921
410,east london,-33.0153,27.9116,16.95,63,100,10.37,ZA,1682032647
411,rio grande,-32.035,-52.0986,13.06,74,2,3.27,BR,1682032921
412,ugoofaaru,5.6667,73.0,28.16,72,100,2.19,MV,1682032921
413,tayoltita,24.0833,-105.9333,29.33,24,62,3.69,MX,1682032876
414,funafuti,-8.5243,179.1942,31.0,79,40,2.06,TV,1682032921
415,shetpe,44.1667,52.1167,15.0,15,94,9.44,KZ,1682032921
416,mandalgovi,45.7625,106.2708,-0.36,21,2,4.81,MN,1682032922
417,patong,7.8961,98.2966,28.08,79,100,4.95,TH,1682032922
418,retreat,38.8245,-85.8533,27.22,58,88,7.18,US,1682032922
419,bikin,46.8161,134.26,4.86,45,7,7.16,RU,1682032922
420,afua,-0.1567,-50.3867,25.08,92,70,2.26,BR,1682032922
421,nar'yan-mar,67.6713,53.087,-5.08,97,97,3.63,RU,1682032764
422,smithers,54.7804,-127.1743,7.18,57,75,2.57,CA,1682032922
423,mount gambier,-37.8333,140.7667,15.22,91,98,1.46,AU,1682032922
424,dame-marie,18.5667,-74.4167,25.83,76,16,1.76,HT,1682032922
425,queenstown,-31.8976,26.8753,8.39,74,99,2.11,ZA,1682032923
426,malpe,13.35,74.7167,27.61,78,83,1.35,IN,1682032923
427,isangel,-19.55,169.2667,31.06,66,20,1.03,VU,1682032923
428,remire-montjoly,4.9167,-52.2667,25.02,94,75,2.57,GF,1682032923
429,port lincoln,-34.7333,135.8667,16.54,77,52,0.58,AU,1682032923
430,hami,42.8,93.45,8.04,16,94,1.03,CN,1682032923
431,auki,-8.7676,160.7034,29.03,69,51,0.31,SB,1682032923
432,nahiyat ash shinafiyah,31.5874,44.6602,26.85,37,100,4.26,IQ,1682032924
433,eraan,9.0629,117.7016,27.02,83,19,0.3,PH,1682032924
434,junagadh,21.5167,70.4667,25.08,64,0,1.98,IN,1682032924
435,porto novo,6.4965,2.6036,27.74,81,95,5.43,BJ,1682032924
436,pemangkat,1.1667,108.9667,24.84,88,100,2.66,ID,1682032924
437,mahdia,35.5047,11.0622,16.97,86,95,5.8,TN,1682032924
438,dunedin,-45.8742,170.5036,16.15,86,100,1.34,NZ,1682032732
439,tual,-5.6667,132.75,28.14,75,42,4.99,ID,1682032924
440,micheweni,-4.9667,39.8333,26.06,85,95,2.89,TZ,1682032924
441,boditi,6.9667,37.8667,15.88,87,98,1.93,ET,1682032925
442,breyten,-26.3018,29.987,9.37,49,2,1.87,ZA,1682032925
443,malindi,-3.2175,40.1191,26.31,85,93,3.82,KE,1682032925
444,krutaya gorka,55.3649,73.2231,-2.18,59,47,3.63,RU,1682032925
445,khanbari,27.3747,87.2039,20.11,37,48,2.11,NP,1682032925
446,wynyard,-41.0,145.7167,17.77,75,100,3.3,AU,1682032925
447,suzun,53.7841,82.3116,-1.87,68,64,2.38,RU,1682032925
448,santa barbara,34.7333,-120.0343,24.39,28,0,6.17,US,1682032800
449,marquard,-28.6645,27.4305,13.58,51,85,0.96,ZA,1682032926
450,chimbote,-9.0853,-78.5783,26.11,74,96,3.63,PE,1682032676
451,kapa'a,22.0752,-159.319,26.99,75,0,3.6,US,1682032926
452,mumford,5.2618,-0.759,27.55,81,100,7.1,GH,1682032926
453,lumphat,13.4878,106.9816,25.84,82,57,0.57,KH,1682032926
454,thakurgaon,26.0333,88.4667,25.3,71,20,5.1,BD,1682032927
455,xilin hot,43.9667,116.0333,0.96,17,99,1.32,CN,1682032927
456,onega,63.9061,38.1404,0.61,99,100,1.57,RU,1682032927
457,oak grove,45.4168,-122.6401,8.57,90,100,4.63,US,1682032675
458,puerto baquerizo moreno,-0.9,-89.6,27.15,77,70,4.35,EC,1682032809
459,pisco,-13.7,-76.2167,23.03,78,0,7.72,PE,1682032927
460,murzuq,25.9155,13.9184,23.12,8,74,4.22,LY,1682032927
461,tazacorte,28.629,-17.9293,19.54,89,75,2.57,ES,1682032927
462,carolina beach,34.0352,-77.8936,25.6,52,6,4.17,US,1682032927
463,baneasa,44.0461,26.0642,11.05,85,100,3.76,RO,1682032927
464,kinablangan,7.6947,126.5503,27.34,76,99,1.02,PH,1682032928
465,nenjiang,49.1833,125.2167,1.94,53,71,8.77,CN,1682032928
466,christchurch,-43.5333,172.6333,14.95,93,100,1.54,NZ,1682032645
467,awjilah,29.1081,21.2869,21.31,24,79,4.9,LY,1682032928
468,road town,18.4167,-64.6167,27.05,73,40,3.09,VG,1682032928
469,gisborne,-38.6533,178.0042,20.24,66,92,1.9,NZ,1682032928
470,ko pha ngan,9.7578,100.0291,26.38,77,95,5.24,TH,1682032929
471,jinghong,21.991,100.7341,21.57,42,0,1.07,CN,1682032929
472,taltal,-25.4,-70.4833,18.59,78,86,1.24,CL,1682032929
473,yanchep,-31.55,115.6833,15.34,44,13,3.96,AU,1682032929
474,chardara,41.2547,67.9692,10.46,46,86,3.47,KZ,1682032929
475,aur,8.1499,171.1687,27.05,82,99,6.37,MH,1682032929
476,yuzhno-kurilsk,44.0306,145.8556,7.12,61,96,5.4,RU,1682032929
477,uturoa,-16.7333,-151.4333,28.36,79,99,9.24,PF,1682032929
478,lazaro cardenas,17.9583,-102.2,28.01,65,30,6.15,MX,1682032822
479,amga,60.8953,131.9608,-2.14,93,100,1.93,RU,1682032929
480,duba,27.3513,35.6901,24.44,64,1,2.77,SA,1682032930
481,creel,27.75,-107.6333,20.08,14,83,7.61,MX,1682032930
482,samoylovka,51.184,43.7081,10.95,50,100,4.75,RU,1682032930
483,port saint john's,-31.6229,29.5448,19.09,62,99,9.06,ZA,1682032930
484,belyy yar,53.6039,91.3903,-3.06,63,0,3.0,RU,1682032930
485,zaozersk,69.4005,32.4476,2.3,87,96,9.49,RU,1682032930
486,lorengau,-2.0226,147.2712,28.34,74,89,1.82,PG,1682032930
487,kuttampuzha,10.1511,76.7339,26.64,94,59,0.87,IN,1682032930
488,tanabe,33.7333,135.3667,19.56,72,75,1.03,JP,1682032930
489,wenchang,30.904,118.4887,17.1,85,1,5.69,CN,1682032930
490,sao goncalo do sapucai,-21.8922,-45.5953,12.65,83,26,1.65,BR,1682032930
491,ontario,34.0633,-117.6509,29.76,25,75,7.72,US,1682032881
492,ulsteinvik,62.3432,5.8487,8.75,91,42,0.89,NO,1682032931
493,coahuayana de hidalgo,18.7,-103.6583,29.09,53,15,3.59,MX,1682032931
494,alachua,29.7086,-82.3332,26.47,41,0,4.63,US,1682032931
495,murghob,38.1702,73.9667,-7.32,66,100,2.21,TJ,1682032931
496,coracora,-15.0333,-73.7833,10.73,90,87,2.2,PE,1682032931
497,aquidauana,-20.4711,-55.7872,18.9,71,0,2.0,BR,1682032931
498,lautoka,-17.6167,177.4667,30.92,62,20,2.57,FJ,1682032931
499,cayeli,41.0923,40.7292,11.77,92,95,1.4,TR,1682032931
500,qamdo,31.1667,97.2333,0.02,59,15,2.09,CN,1682032931
501,magadan,59.5667,150.8,4.74,82,100,11.27,RU,1682032931
502,tubarjal,30.4999,38.216,17.64,42,0,8.12,SA,1682032932
503,majene,-3.5403,118.9707,25.72,85,100,1.86,ID,1682032932
504,port-vila,-17.7338,168.3219,27.78,83,75,1.54,VU,1682032846
505,brookings,44.3114,-96.7984,7.19,72,20,9.77,US,1682032919
506,cockburn town,21.4612,-71.1419,25.97,77,1,7.65,TC,1682032925
507,potosi,-19.5836,-65.7531,7.63,55,0,2.61,BO,1682032932
508,belel,7.05,14.4333,20.11,65,47,1.91,CM,1682032932
509,todos santos,23.45,-110.2167,21.91,76,100,4.42,MX,1682032932
510,russkaya polyana,49.417,31.9201,7.26,92,100,5.92,UA,1682032932
511,ulubey,40.8721,37.7588,7.07,97,100,1.0,TR,1682032933
512,fauske,67.2588,15.3918,6.02,99,100,1.87,NO,1682032933
513,turabah,21.2141,41.6331,21.56,54,37,2.68,SA,1682032933
514,mana,5.6592,-53.7767,25.44,90,42,4.17,GF,1682032933
515,sosnogorsk,63.6023,53.8817,0.12,96,100,2.68,RU,1682032933
516,padang,-0.9492,100.3543,24.03,87,100,1.48,ID,1682032933
517,usinsk,65.9939,57.5281,-3.33,98,100,3.7,RU,1682032933
518,yenisarbademli,37.7078,31.3864,8.16,72,7,2.37,TR,1682032933
519,okhotsk,59.3833,143.3,0.12,82,100,4.63,RU,1682032934
520,tinajo,29.0788,-13.7081,18.49,63,20,2.06,ES,1682032934
521,changji,44.0167,87.3167,4.44,52,0,2.0,CN,1682032934
522,al bawiti,28.3492,28.8659,15.82,57,0,3.53,EG,1682032934
523,natal,-5.795,-35.2094,27.36,78,20,5.14,BR,1682032934
524,rawson,-43.3002,-65.1023,23.5,36,100,7.72,AR,1682032934
525,aginskoye,51.1,114.53,-7.03,41,1,4.49,RU,1682032934
526,bakanas,44.8081,76.2772,3.47,35,0,5.51,KZ,1682032935
527,chakari,-18.0629,29.8925,19.42,60,59,2.2,ZW,1682032935
528,kalaleh,37.3807,55.4916,20.74,24,15,3.6,IR,1682032935
529,katsuura,35.1333,140.3,19.3,82,100,5.47,JP,1682032909
530,bloemfontein,-29.1211,26.214,12.71,76,99,4.12,ZA,1682032935
531,mikulov,48.8056,16.6378,11.01,88,56,1.56,CZ,1682032935
532,mamit,23.9333,92.4833,19.44,97,13,1.17,IN,1682032935
533,suoyarvi,62.0833,32.35,1.63,100,100,2.06,RU,1682032935
534,batouri,4.4333,14.3667,20.57,94,100,1.85,CM,1682032935
535,summerside,46.3959,-63.7876,4.27,87,75,5.14,CA,1682032936
536,machico,32.7,-16.7667,19.28,79,20,2.06,PT,1682032936
537,chibuto,-24.6867,33.5306,17.45,68,0,3.03,MZ,1682032936
538,nouadhibou,20.931,-17.0347,18.99,82,48,6.69,MR,1682032936
539,muisne,0.6,-80.0333,26.18,83,96,1.78,EC,1682032936
540,genhe,50.7833,121.5167,-3.97,81,100,4.26,CN,1682032936
541,sassandra,4.95,-6.0833,26.07,86,100,2.11,CI,1682032936
542,isla vista,34.4133,-119.861,28.28,30,0,3.6,US,1682032927
